event_id,num_perimeters_0_5h,dt_first_last_0_5h,low_temporal_resolution_0_5h,area_first_ha,area_growth_abs_0_5h,area_growth_rel_0_5h,area_growth_rate_ha_per_h,log1p_area_first,log1p_growth,log_area_ratio_0_5h,relative_growth_0_5h,radial_growth_m,radial_growth_rate_m_per_h,centroid_displacement_m,centroid_speed_m_per_h,spread_bearing_deg,spread_bearing_sin,spread_bearing_cos,dist_min_ci_0_5h,dist_std_ci_0_5h,dist_change_ci_0_5h,dist_slope_ci_0_5h,closing_speed_m_per_h,closing_speed_abs_m_per_h,projected_advance_m,dist_accel_m_per_h2,dist_fit_r2_0_5h,alignment_cos,alignment_abs,cross_track_component,along_track_speed,event_start_hour,event_start_dayofweek,event_start_month,time_to_hit_hours,event
10892457,3,4.265188315,0,79.69630440288812,2.8759346073726277,0.0360861727393774,0.6742808042632997,4.390692779963226,1.3547868227233073,0.0354503182610035,0.0360861727393774,9.007182413344424,2.111790089470979,8.274970756691802,1.9401185001820496,70.130507414482,0.9404692304473844,0.3398788410326602,6166.121595601341,0.2050852676358032,0.4350515504002032,0.1090997496115047,-0.1020005491598565,0.1020005491598565,-0.4350515504002032,0.0727561088972823,0.8863732713999973,-0.054649077279923,0.054649077279923,-1.9372192309310183,-0.1060256858486571,19,4,5,18.89251184861111,0
11757157,2,1.1699176616666669,0,8.946749378249011,0.0,0.0,0.0,2.2972458021404853,0.0,0.0,0.0,0.0,0.0,0.0,0.0,0.0,0.0,1.0,2930.9259560987357,0.0,0.0,-3.88700304121087e-13,0.0,0.0,0.0,0.0,0.0,-0.5688982113791312,0.5688982113791312,-0.0,-0.0,4,4,6,22.048108008055557,1
11945086,4,4.777526033333333,0,106.48263768977486,0.0,0.0,0.0,4.677329324661036,0.0,0.0,0.0,0.0,0.0,0.0,0.0,0.0,0.0,1.0,3272.3750897353175,0.0,0.0,-1.3903267205472045e-13,0.0,0.0,0.0,7.965117912056314e-14,0.0,0.8823854383806744,0.8823854383806744,0.0,0.0,22,4,8,0.8888954830555557,1
12044083,1,0.0,1,67.63112470975922,0.0,0.0,0.0,4.228746144805483,0.0,0.0,0.0,0.0,0.0,0.0,0.0,0.0,0.0,1.0,64119.87137716943,0.0,0.0,0.0,0.0,0.0,0.0,0.0,0.0,0.0,0.0,0.0,0.0,20,5,8,60.953021470555555,0
12052347,2,4.9752730269444445,0,35.632873507966806,0.0,0.0,0.0,3.6009460205598707,0.0,0.0,0.0,0.0,0.0,0.0,0.0,0.0,0.0,1.0,18005.432260746456,0.0,0.0,3.656059463862199e-13,0.0,0.0,0.0,0.0,0.0,0.9346341155547664,0.9346341155547664,-0.0,0.0,21,5,7,44.99027446777778,0
12773599,1,0.0,1,184.7676097376819,0.0,0.0,0.0,5.224496482537319,0.0,0.0,0.0,0.0,0.0,0.0,0.0,0.0,0.0,1.0,35232.562968454935,0.0,0.0,0.0,0.0,0.0,0.0,0.0,0.0,0.0,0.0,0.0,0.0,0,5,7,44.026383643611105,0
13122360,1,0.0,1,119.3642031465006,0.0,0.0,0.0,4.790522172608574,0.0,0.0,0.0,0.0,0.0,0.0,0.0,0.0,0.0,1.0,3530.4728859726333,0.0,0.0,0.0,0.0,0.0,0.0,0.0,0.0,0.0,0.0,0.0,0.0,21,1,3,14.845391848611111,1
13745272,1,0.0,1,1388.2837780814414,0.0,0.0,0.0,7.236543625761477,0.0,0.0,0.0,0.0,0.0,0.0,0.0,0.0,0.0,1.0,8038.691358801407,0.0,0.0,0.0,0.0,0.0,0.0,0.0,0.0,0.0,0.0,0.0,0.0,16,0,6,66.7679270386111,0
15247236,2,1.8927757616666667,0,4.493970164700372,0.0,0.0,0.0,1.703651157134196,0.0,0.0,0.0,0.0,0.0,0.0,0.0,0.0,0.0,1.0,31758.58114396278,0.0,0.0,0.0,0.0,0.0,0.0,0.0,0.0,0.1063221851337628,0.1063221851337628,0.0,0.0,18,5,8,39.9126300725,0
15743535,1,0.0,1,5.218524435149622,0.0,0.0,0.0,1.8275326495321964,0.0,0.0,0.0,0.0,0.0,0.0,0.0,0.0,0.0,1.0,1995.042355932941,0.0,0.0,0.0,0.0,0.0,0.0,0.0,0.0,0.0,0.0,0.0,0.0,17,2,7,54.63810941305555,1
15846088,1,0.0,1,634.4801392954881,0.0,0.0,0.0,6.4543808380490795,0.0,0.0,0.0,0.0,0.0,0.0,0.0,0.0,0.0,1.0,260304.51268013407,0.0,0.0,0.0,0.0,0.0,0.0,0.0,0.0,0.0,0.0,0.0,0.0,21,3,8,66.64396895027778,0
16870867,1,0.0,1,117.21989018926946,0.0,0.0,0.0,4.772546366528168,0.0,0.0,0.0,0.0,0.0,0.0,0.0,0.0,0.0,1.0,2702.951028089216,0.0,0.0,0.0,0.0,0.0,0.0,0.0,0.0,0.0,0.0,0.0,0.0,22,1,7,15.924687885833333,1
17127751,1,0.0,1,17.342013260676058,0.0,0.0,0.0,2.909194235104328,0.0,0.0,0.0,0.0,0.0,0.0,0.0,0.0,0.0,1.0,4262.349089985605,0.0,0.0,0.0,0.0,0.0,0.0,0.0,0.0,0.0,0.0,0.0,0.0,22,3,7,10.90745898861111,1
17735080,1,0.0,1,49.258258350741144,0.0,0.0,0.0,3.9171748787243583,0.0,0.0,0.0,0.0,0.0,0.0,0.0,0.0,0.0,1.0,482691.6929178341,0.0,0.0,0.0,0.0,0.0,0.0,0.0,0.0,0.0,0.0,0.0,0.0,23,6,3,18.280465280277777,0
17888481,1,0.0,1,36.68345930383195,0.0,0.0,0.0,3.6292212529206567,0.0,0.0,0.0,0.0,0.0,0.0,0.0,0.0,0.0,1.0,300641.42047886824,0.0,0.0,0.0,0.0,0.0,0.0,0.0,0.0,0.0,0.0,0.0,0.0,21,1,9,55.464342727222224,0
18032557,1,0.0,1,1749.2787161206838,0.0,0.0,0.0,7.467530320590697,0.0,0.0,0.0,0.0,0.0,0.0,0.0,0.0,0.0,1.0,54957.203500339485,0.0,0.0,0.0,0.0,0.0,0.0,0.0,0.0,0.0,0.0,0.0,0.0,20,2,6,64.56748538083333,0
18104294,1,0.0,1,147.35792481976532,0.0,0.0,0.0,4.999627765059055,0.0,0.0,0.0,0.0,0.0,0.0,0.0,0.0,0.0,1.0,1742.7642463456348,0.0,0.0,0.0,0.0,0.0,0.0,0.0,0.0,0.0,0.0,0.0,0.0,14,1,9,23.84384341166667,1
18150961,2,3.003965943888889,0,9.167085205198797,0.0,0.0,0.0,2.3191555618223605,0.0,0.0,0.0,0.0,0.0,0.0,0.0,0.0,0.0,1.0,2965.2175707679403,0.0,0.0,-1.5138232569233294e-13,0.0,0.0,0.0,0.0,0.0,0.9536824744959824,0.9536824744959824,-0.0,0.0,17,3,7,3.534845605,1
18292206,12,4.8656351075,0,25.219057731293777,20.262693373654177,0.8034675042006285,4.164449845904145,3.2664865406682084,3.056954052267535,0.5897111853469055,0.8034675042006285,97.16235777006516,19.969100769660457,169.31565252432875,34.79826349151045,60.412438383407334,0.869602139222779,0.4937530956451479,1135.2609506094304,0.0,0.0,3.4367192350893994e-13,0.0,0.0,0.0,-1.5832420265200645e-13,0.0,0.4377043441191068,0.4377043441191068,31.287778536562215,15.23135109803544,22,6,8,5.818159579722223,1
18475932,1,0.0,1,3638.729983344333,0.0,0.0,0.0,8.199664777479375,0.0,0.0,0.0,0.0,0.0,0.0,0.0,0.0,0.0,1.0,495662.49367088394,0.0,0.0,0.0,0.0,0.0,0.0,0.0,0.0,0.0,0.0,0.0,0.0,23,0,4,66.42810308166666,0
18522515,1,0.0,1,1255.878023141695,0.0,0.0,0.0,7.136386165808316,0.0,0.0,0.0,0.0,0.0,0.0,0.0,0.0,0.0,1.0,7223.986277370042,0.0,0.0,0.0,0.0,0.0,0.0,0.0,0.0,0.0,0.0,0.0,0.0,21,5,8,37.394760509444446,0
18675176,1,0.0,1,133.18923377698803,0.0,0.0,0.0,4.899250996110634,0.0,0.0,0.0,0.0,0.0,0.0,0.0,0.0,0.0,1.0,34605.51639645969,0.0,0.0,0.0,0.0,0.0,0.0,0.0,0.0,0.0,0.0,0.0,0.0,23,4,7,24.172499523888888,0
19306260,1,0.0,1,71.41059638820151,0.0,0.0,0.0,4.282352647635304,0.0,0.0,0.0,0.0,0.0,0.0,0.0,0.0,0.0,1.0,45739.22237974609,0.0,0.0,0.0,0.0,0.0,0.0,0.0,0.0,0.0,0.0,0.0,0.0,18,3,7,66.44223063222222,0
19552816,1,0.0,1,323.0736767637297,0.0,0.0,0.0,5.780970887360374,0.0,0.0,0.0,0.0,0.0,0.0,0.0,0.0,0.0,1.0,754124.4345047245,0.0,0.0,0.0,0.0,0.0,0.0,0.0,0.0,0.0,0.0,0.0,0.0,2,2,3,61.26587258194445,0
19771815,7,4.308694648888888,0,193.31118334531632,35.321252624087805,0.1827170679566563,8.19766901634497,5.269460911831095,3.5924030416870494,0.1678143907207934,0.1827170679566563,68.65945778461855,15.93509482096259,45.71640553933756,10.61026813564678,132.6570114631603,0.7354232056884815,-0.6776080788589208,2617.3835080811086,14.243096726245584,40.703039225808425,4.406513573096272,-9.446721697093292,9.446721697093292,-40.703039225808425,10.500676983217897,0.168120230892693,-0.8880168114437759,0.8880168114437759,-4.878717850256379,-9.42209647838055,8,3,8,0.5237634105555555,1
20307683,1,0.0,1,37.726426410899506,0.0,0.0,0.0,3.6565222199925302,0.0,0.0,0.0,0.0,0.0,0.0,0.0,0.0,0.0,1.0,756438.2813420099,0.0,0.0,0.0,0.0,0.0,0.0,0.0,0.0,0.0,0.0,0.0,0.0,21,1,3,57.64380657,0
20620516,9,4.994457122777778,0,106.48770654882048,53.862652397807125,0.5058109911787159,10.784485895806473,4.677376483342988,4.004832832824249,0.4093316144816269,0.5058109911787159,132.22708936466972,26.474767149693477,450.417698085623,90.18351484717786,95.742627290994,0.9949814020176077,-0.100060030177269,1784.1743506993566,100.35745330262618,212.89030731869775,56.83809873748648,-42.62531484108409,42.62531484108409,-212.89030731869775,9.809666189053653,0.5429377895551766,-0.3738901708007817,0.3738901708007817,83.64277382364884,-33.718729769626165,19,2,7,1.3979693241666669,1
20698681,1,0.0,1,424.78822033290027,0.0,0.0,0.0,6.053942087287834,0.0,0.0,0.0,0.0,0.0,0.0,0.0,0.0,0.0,1.0,2684.938303011368,0.0,0.0,0.0,0.0,0.0,0.0,0.0,0.0,0.0,0.0,0.0,0.0,22,2,5,2.5644396191666665,1
21481903,1,0.0,1,515.4908093505156,0.0,0.0,0.0,6.247057494307506,0.0,0.0,0.0,0.0,0.0,0.0,0.0,0.0,0.0,1.0,123439.33954300523,0.0,0.0,0.0,0.0,0.0,0.0,0.0,0.0,0.0,0.0,0.0,0.0,1,5,8,62.81666410138889,0
21530188,1,0.0,1,2300.0090479739565,0.0,0.0,0.0,7.741103022219706,0.0,0.0,0.0,0.0,0.0,0.0,0.0,0.0,0.0,1.0,168375.4595384633,0.0,0.0,0.0,0.0,0.0,0.0,0.0,0.0,0.0,0.0,0.0,0.0,16,5,8,48.92529547111111,0
21692904,4,4.814281675277778,0,255.03540195736647,0.0,0.0,0.0,5.545315723814498,0.0,0.0,0.0,0.0,0.0,0.0,0.0,0.0,0.0,1.0,2429.801581387567,0.0,0.0,-6.414650303389624e-14,0.0,0.0,0.0,-4.6459633805689014e-14,0.0,0.9916337879646764,0.9916337879646764,-0.0,0.0,19,1,9,0.5841728619444445,1
22577693,2,3.901123271944445,0,65.5204178961082,0.0,0.0,0.0,4.197508936567594,0.0,0.0,0.0,0.0,0.0,0.0,0.0,0.0,0.0,1.0,1315.955435148432,0.0,0.0,-2.9142077754684965e-14,0.0,0.0,0.0,0.0,0.0,0.5744695741130472,0.5744695741130472,0.0,0.0,6,3,6,5.458663006666667,1
22620173,1,0.0,1,17.77225087576183,0.0,0.0,0.0,2.9323797622026513,0.0,0.0,0.0,0.0,0.0,0.0,0.0,0.0,0.0,1.0,2035.1785649158428,0.0,0.0,0.0,0.0,0.0,0.0,0.0,0.0,0.0,0.0,0.0,0.0,19,6,8,37.61671081416667,1
22622416,1,0.0,1,215.7885080873527,0.0,0.0,0.0,5.378922261183416,0.0,0.0,0.0,0.0,0.0,0.0,0.0,0.0,0.0,1.0,281070.0071533009,0.0,0.0,0.0,0.0,0.0,0.0,0.0,0.0,0.0,0.0,0.0,0.0,22,3,7,66.27108549638889,0
23007167,1,0.0,1,3316.037396530084,0.0,0.0,0.0,8.106827313086118,0.0,0.0,0.0,0.0,0.0,0.0,0.0,0.0,0.0,1.0,73004.06017225636,0.0,0.0,0.0,0.0,0.0,0.0,0.0,0.0,0.0,0.0,0.0,0.0,19,4,7,63.71642466,0
23708068,1,0.0,1,29.924270208905945,0.0,0.0,0.0,3.431541319258171,0.0,0.0,0.0,0.0,0.0,0.0,0.0,0.0,0.0,1.0,125950.4087088763,0.0,0.0,0.0,0.0,0.0,0.0,0.0,0.0,0.0,0.0,0.0,0.0,20,3,6,18.80461026,0
23886014,1,0.0,1,845.1139642092239,0.0,0.0,0.0,6.740654060000885,0.0,0.0,0.0,0.0,0.0,0.0,0.0,0.0,0.0,1.0,3222.8564535805303,0.0,0.0,0.0,0.0,0.0,0.0,0.0,0.0,0.0,0.0,0.0,0.0,18,3,7,3.211343435,1
24491699,1,0.0,1,14.957306504551417,0.0,0.0,0.0,2.7699168124002,0.0,0.0,0.0,0.0,0.0,0.0,0.0,0.0,0.0,1.0,2582.8683348089985,0.0,0.0,0.0,0.0,0.0,0.0,0.0,0.0,0.0,0.0,0.0,0.0,2,0,7,14.728139878333334,1
24514437,1,0.0,1,396.04628745321816,0.0,0.0,0.0,5.9840528669719,0.0,0.0,0.0,0.0,0.0,0.0,0.0,0.0,0.0,1.0,299438.36176757596,0.0,0.0,0.0,0.0,0.0,0.0,0.0,0.0,0.0,0.0,0.0,0.0,0,2,8,66.40391278694445,0
24870571,1,0.0,1,3434.8277823681788,0.0,0.0,0.0,8.142013160302088,0.0,0.0,0.0,0.0,0.0,0.0,0.0,0.0,0.0,1.0,40011.74104537321,0.0,0.0,0.0,0.0,0.0,0.0,0.0,0.0,0.0,0.0,0.0,0.0,20,3,7,65.689654365,0
24959246,1,0.0,1,20.1706265492949,0.0,0.0,0.0,3.052614680802106,0.0,0.0,0.0,0.0,0.0,0.0,0.0,0.0,0.0,1.0,255528.74001806916,0.0,0.0,0.0,0.0,0.0,0.0,0.0,0.0,0.0,0.0,0.0,0.0,18,4,8,66.44899791333334,0
25027537,3,4.256380718888889,0,22.440412874252004,0.2878922395695724,0.0128291863961156,0.0676378027679642,3.154461578642935,0.2530069592516001,0.0127475889598088,0.0128291863961156,1.7089263540369757,0.4014975320354059,0.5225775839362974,0.1227751036502002,192.87207018382617,-0.222774925344535,-0.9748699054939264,15398.260744418094,0.0084235225943923,0.0178689898439188,0.0045186234219281,-0.0041981653014778,0.0041981653014778,-0.0178689898439188,0.0027992518944744,0.917414799259244,-0.0361307848090062,0.0361307848090062,-0.122694940106166,-0.0044359608498888,2,0,6,11.25434434111111,0
25766655,3,3.798553041388889,0,35.11873173105349,13.090956539378908,0.3727627933614506,3.446300840541213,3.586811615281532,2.645533211425968,0.3168253389142902,0.3727627933614506,57.39013944153112,15.10842123730019,128.11821489159937,33.728162670266336,107.2029499933534,0.9552631357071314,-0.2957572341617001,2622.1526141363815,41.972142730231965,89.03636023643003,25.22867172119379,-23.439546392084893,23.439546392084893,-89.03636023643003,17.513908335051585,0.9173863201714112,-0.6798815087889938,0.6798815087889938,-24.733603207178195,-22.931154124941298,22,6,6,1.4752310216666666,1
25909534,7,2.336493922222222,0,12.10249445761074,0.0012961692001542,0.0001070993425937,0.0005547496562377,2.5728026286916705,0.00129532989803,0.0001070935990202,0.0001070993425937,0.0105101204084689,0.0044982442746835,0.0594840462402831,0.0254586779253028,102.32292516167666,0.9769602586042716,-0.2134213042502436,4495.637587349567,0.0195151213387778,-0.0557691044732564,-0.0085274664930321,0.0238687136922722,0.0238687136922722,0.0557691044732564,-0.0678442780461135,0.1042292440489147,0.9370666318787806,0.9370666318787806,0.0088889121601899,0.0238564775755502,22,2,8,1.9929637366666664,1
26151072,1,0.0,1,1682.2966672354564,0.0,0.0,0.0,7.4285094515237455,0.0,0.0,0.0,0.0,0.0,0.0,0.0,0.0,0.0,1.0,2832.952535027779,0.0,0.0,0.0,0.0,0.0,0.0,0.0,0.0,0.0,0.0,0.0,0.0,16,6,8,4.443049115555556,1
26429413,2,4.0178829530555555,0,73.40868679768977,0.0,0.0,0.0,4.309572693056822,0.0,0.0,0.0,0.0,0.0,0.0,0.0,0.0,0.0,1.0,23677.413523965846,0.0,0.0,-9.054466866251221e-13,0.0,0.0,0.0,0.0,0.0,-0.2042168766258366,0.2042168766258366,0.0,-0.0,23,1,6,12.8211783225,0
26940253,1,0.0,1,1132.2693168138885,0.0,0.0,0.0,7.03286193517658,0.0,0.0,0.0,0.0,0.0,0.0,0.0,0.0,0.0,1.0,210184.46356738705,0.0,0.0,0.0,0.0,0.0,0.0,0.0,0.0,0.0,0.0,0.0,0.0,22,5,7,59.770840445000005,0
27517432,1,0.0,1,16.72792353179706,0.0,0.0,0.0,2.875140997141596,0.0,0.0,0.0,0.0,0.0,0.0,0.0,0.0,0.0,1.0,2116.53932479391,0.0,0.0,0.0,0.0,0.0,0.0,0.0,0.0,0.0,0.0,0.0,0.0,20,2,8,1.5778597725,1
27991695,1,0.0,1,6319.9183689364045,0.0,0.0,0.0,8.751619788124774,0.0,0.0,0.0,0.0,0.0,0.0,0.0,0.0,0.0,1.0,67098.62699604373,0.0,0.0,0.0,0.0,0.0,0.0,0.0,0.0,0.0,0.0,0.0,0.0,1,0,7,60.31399017722222,0
28132196,1,0.0,1,316.05032770560206,0.0,0.0,0.0,5.759060523754092,0.0,0.0,0.0,0.0,0.0,0.0,0.0,0.0,0.0,1.0,263598.9583390645,0.0,0.0,0.0,0.0,0.0,0.0,0.0,0.0,0.0,0.0,0.0,0.0,1,4,8,61.48176814055555,0
28212683,5,4.958128294722222,0,3.742057729799825,0.0,0.0,0.0,1.5564711617150024,0.0,0.0,0.0,0.0,0.0,0.0,0.0,0.0,0.0,1.0,390952.4410897163,0.0,0.0,-1.6035419059160855e-11,0.0,0.0,0.0,4.284684476375568e-11,0.0,-0.8490872722398374,0.8490872722398374,0.0,-0.0,19,3,8,47.99702154222223,0
30421787,1,0.0,1,40.08330372285124,0.0,0.0,0.0,3.715601803512473,0.0,0.0,0.0,0.0,0.0,0.0,0.0,0.0,0.0,1.0,254943.47445277905,0.0,0.0,0.0,0.0,0.0,0.0,0.0,0.0,0.0,0.0,0.0,0.0,3,4,8,65.08492929527777,0
31054513,1,0.0,1,758.0770494980136,0.0,0.0,0.0,6.6321032867335195,0.0,0.0,0.0,0.0,0.0,0.0,0.0,0.0,0.0,1.0,261138.99852456423,0.0,0.0,0.0,0.0,0.0,0.0,0.0,0.0,0.0,0.0,0.0,0.0,1,3,8,66.29603577333333,0
31560147,2,0.3385245441666666,1,0.3466402460997316,0.0,0.0,0.0,0.2976127838796167,0.0,0.0,0.0,0.0,0.0,0.0,0.0,0.0,0.0,1.0,1883.1079717871687,0.0,0.0,-6.71660827438523e-13,0.0,0.0,0.0,0.0,0.0,0.0036113140773734,0.0036113140773734,-0.0,0.0,20,0,6,13.65678695611111,1
31948591,1,0.0,1,1135.6083158224355,0.0,0.0,0.0,7.035803945238188,0.0,0.0,0.0,0.0,0.0,0.0,0.0,0.0,0.0,1.0,99977.9003645097,0.0,0.0,0.0,0.0,0.0,0.0,0.0,0.0,0.0,0.0,0.0,0.0,18,0,4,21.072462156666663,0
32093256,1,0.0,1,46.60425149761508,0.0,0.0,0.0,3.86292207442562,0.0,0.0,0.0,0.0,0.0,0.0,0.0,0.0,0.0,1.0,72614.64562328468,0.0,0.0,0.0,0.0,0.0,0.0,0.0,0.0,0.0,0.0,0.0,0.0,5,0,7,66.13177204166666,0
33502571,1,0.0,1,1686.8509166605368,0.0,0.0,0.0,7.431211351741604,0.0,0.0,0.0,0.0,0.0,0.0,0.0,0.0,0.0,1.0,124717.03835150295,0.0,0.0,0.0,0.0,0.0,0.0,0.0,0.0,0.0,0.0,0.0,0.0,2,5,8,61.79932206194445,0
33928266,1,0.0,1,6.301274201553401,0.0,0.0,0.0,1.9880488810805883,0.0,0.0,0.0,0.0,0.0,0.0,0.0,0.0,0.0,1.0,2670.516160138118,0.0,0.0,0.0,0.0,0.0,0.0,0.0,0.0,0.0,0.0,0.0,0.0,0,3,7,14.473698290277778,1
34027802,1,0.0,1,515.0204724248904,0.0,0.0,0.0,6.246146439936557,0.0,0.0,0.0,0.0,0.0,0.0,0.0,0.0,0.0,1.0,139177.68055494048,0.0,0.0,0.0,0.0,0.0,0.0,0.0,0.0,0.0,0.0,0.0,0.0,16,0,9,62.86164432583333,0
34501712,1,0.0,1,38.216459069548655,0.0,0.0,0.0,3.6690965328970817,0.0,0.0,0.0,0.0,0.0,0.0,0.0,0.0,0.0,1.0,21807.33869907301,0.0,0.0,0.0,0.0,0.0,0.0,0.0,0.0,0.0,0.0,0.0,0.0,19,6,8,39.96354985694445,0
34889301,3,3.91346827,0,538.8039593140708,0.0,0.0,0.0,6.291206035336684,0.0,0.0,0.0,0.0,0.0,0.0,0.0,0.0,0.0,1.0,1187.206572903266,0.0,0.0,-4.1152480430233575e-14,0.0,0.0,0.0,0.0,0.0,-0.0397249217465816,0.0397249217465816,0.0,-0.0,22,3,8,0.0643609547222222,1
34908295,1,0.0,1,298.48643110040075,0.0,0.0,0.0,5.7020691113552395,0.0,0.0,0.0,0.0,0.0,0.0,0.0,0.0,0.0,1.0,476870.4104672507,0.0,0.0,0.0,0.0,0.0,0.0,0.0,0.0,0.0,0.0,0.0,0.0,21,0,7,63.960796367499995,0
34940889,5,4.088955947222223,0,58.19741306463198,0.0,0.0,0.0,4.080877842702597,0.0,0.0,0.0,0.0,0.0,0.0,0.0,0.0,0.0,1.0,2009.2408145270504,0.0,0.0,3.1302896479838145e-13,0.0,0.0,0.0,-7.510071125284065e-13,0.0,-0.395497806690931,0.395497806690931,0.0,-0.0,19,0,8,0.0012202119444444,1
35324503,1,0.0,1,177.0120725048981,0.0,0.0,0.0,5.181851371053431,0.0,0.0,0.0,0.0,0.0,0.0,0.0,0.0,0.0,1.0,61570.97751696009,0.0,0.0,0.0,0.0,0.0,0.0,0.0,0.0,0.0,0.0,0.0,0.0,3,3,8,65.57716615555556,0
35610300,1,0.0,1,100.9936420465364,0.0,0.0,0.0,4.624910478464402,0.0,0.0,0.0,0.0,0.0,0.0,0.0,0.0,0.0,1.0,219692.36111311105,0.0,0.0,0.0,0.0,0.0,0.0,0.0,0.0,0.0,0.0,0.0,0.0,22,2,8,66.0530840625,0
35949465,1,0.0,1,21.130580301310175,0.0,0.0,0.0,3.0969603761010003,0.0,0.0,0.0,0.0,0.0,0.0,0.0,0.0,0.0,1.0,282251.3768743365,0.0,0.0,0.0,0.0,0.0,0.0,0.0,0.0,0.0,0.0,0.0,0.0,12,0,9,64.61591895666668,0
36527758,1,0.0,1,2.5935033505507428,0.0,0.0,0.0,1.2791275903179509,0.0,0.0,0.0,0.0,0.0,0.0,0.0,0.0,0.0,1.0,13897.584783302276,0.0,0.0,0.0,0.0,0.0,0.0,0.0,0.0,0.0,0.0,0.0,0.0,21,3,6,15.949612870833333,0
36999334,1,0.0,1,3.0618079271968712,0.0,0.0,0.0,1.4016281767612506,0.0,0.0,0.0,0.0,0.0,0.0,0.0,0.0,0.0,1.0,8724.62764634398,0.0,0.0,0.0,0.0,0.0,0.0,0.0,0.0,0.0,0.0,0.0,0.0,0,5,8,61.07193740388889,0
37136049,1,0.0,1,407.28853277096465,0.0,0.0,0.0,6.01197411262857,0.0,0.0,0.0,0.0,0.0,0.0,0.0,0.0,0.0,1.0,149724.46361311997,0.0,0.0,0.0,0.0,0.0,0.0,0.0,0.0,0.0,0.0,0.0,0.0,22,2,7,66.03053782222223,0
37780023,1,0.0,1,633.5757464769209,0.0,0.0,0.0,6.452956659819503,0.0,0.0,0.0,0.0,0.0,0.0,0.0,0.0,0.0,1.0,94772.8740862698,0.0,0.0,0.0,0.0,0.0,0.0,0.0,0.0,0.0,0.0,0.0,0.0,0,3,6,66.20297956916667,0
38112926,1,0.0,1,90.71794899222408,0.0,0.0,0.0,4.518718096119793,0.0,0.0,0.0,0.0,0.0,0.0,0.0,0.0,0.0,1.0,260353.76853583835,0.0,0.0,0.0,0.0,0.0,0.0,0.0,0.0,0.0,0.0,0.0,0.0,5,6,8,65.02322653194445,0
38412292,1,0.0,1,56.179103894322154,0.0,0.0,0.0,4.046188515108582,0.0,0.0,0.0,0.0,0.0,0.0,0.0,0.0,0.0,1.0,55358.11566661094,0.0,0.0,0.0,0.0,0.0,0.0,0.0,0.0,0.0,0.0,0.0,0.0,2,0,7,66.57004031388888,0
38909367,6,4.8005178130555555,0,0.5903995261463301,0.0302368342381756,0.0512141912368024,0.0062986609811014,0.4639852589739071,0.0297887119638472,0.0499457861733926,0.0512141912368024,1.0962301140140909,0.2283566391593773,1.6079178588507324,0.3349467539684607,45.82741425709219,0.717244097498875,0.6968220035296132,68906.90838951929,0.4773260573330334,1.2808006473642308,0.222161586249845,-0.2668046859197038,0.2668046859197038,-1.2808006473642308,0.3484122359084054,0.545180992363544,-0.7971944034676032,0.7971944034676032,-0.2022149543858367,-0.2670176777232971,22,2,7,1.2861299941666668,0
39324200,1,0.0,1,1920.8755255440603,0.0,0.0,0.0,7.561056824448666,0.0,0.0,0.0,0.0,0.0,0.0,0.0,0.0,0.0,1.0,430518.13061049895,0.0,0.0,0.0,0.0,0.0,0.0,0.0,0.0,0.0,0.0,0.0,0.0,20,5,2,49.551738603611106,0
39687487,2,1.4241880719444444,0,2.0114642389542188,0.0,0.0,0.0,1.1024264186027142,0.0,0.0,0.0,0.0,0.0,0.0,0.0,0.0,0.0,1.0,2653.8016423873883,0.0,0.0,0.0,0.0,0.0,0.0,0.0,0.0,0.4888636852980101,0.4888636852980101,0.0,0.0,19,0,9,0.7434419508333334,1
39841201,1,0.0,1,53.133940405798704,0.0,0.0,0.0,3.99146135338942,0.0,0.0,0.0,0.0,0.0,0.0,0.0,0.0,0.0,1.0,167002.96188110192,0.0,0.0,0.0,0.0,0.0,0.0,0.0,0.0,0.0,0.0,0.0,0.0,23,2,7,66.01104327,0
40086180,1,0.0,1,1769.2479288189047,0.0,0.0,0.0,7.478874888537641,0.0,0.0,0.0,0.0,0.0,0.0,0.0,0.0,0.0,1.0,6468.176085664357,0.0,0.0,0.0,0.0,0.0,0.0,0.0,0.0,0.0,0.0,0.0,0.0,13,1,9,28.605494944444445,0
40504901,1,0.0,1,4518.738108729912,0.0,0.0,0.0,8.416209330601179,0.0,0.0,0.0,0.0,0.0,0.0,0.0,0.0,0.0,1.0,539570.7339536395,0.0,0.0,0.0,0.0,0.0,0.0,0.0,0.0,0.0,0.0,0.0,0.0,18,5,3,66.96691891666667,0
41218264,2,4.581183654166667,0,273.61870298768736,0.0,0.0,0.0,5.615383600947806,0.0,0.0,0.0,0.0,0.0,0.0,0.0,0.0,0.0,1.0,5451.050457279779,0.0,0.0,0.0,0.0,0.0,0.0,0.0,0.0,-0.5565604065027251,0.5565604065027251,-0.0,-0.0,23,5,7,18.807773461666663,0
41274865,1,0.0,1,1668.0341394566924,0.0,0.0,0.0,7.420000378489597,0.0,0.0,0.0,0.0,0.0,0.0,0.0,0.0,0.0,1.0,597082.5931050116,0.0,0.0,0.0,0.0,0.0,0.0,0.0,0.0,0.0,0.0,0.0,0.0,5,3,7,54.55067369638889,0
42563089,1,0.0,1,38.880464249711125,0.0,0.0,0.0,3.6858865861921566,0.0,0.0,0.0,0.0,0.0,0.0,0.0,0.0,0.0,1.0,86440.83454543461,0.0,0.0,0.0,0.0,0.0,0.0,0.0,0.0,0.0,0.0,0.0,0.0,21,0,8,39.921133606666665,0
42731036,1,0.0,1,6.801548076901553,0.0,0.0,0.0,2.0543221854003386,0.0,0.0,0.0,0.0,0.0,0.0,0.0,0.0,0.0,1.0,2283.9423666212665,0.0,0.0,0.0,0.0,0.0,0.0,0.0,0.0,0.0,0.0,0.0,0.0,17,1,4,66.92046277222222,1
42751447,1,0.0,1,3216.554583841878,0.0,0.0,0.0,8.076376904001403,0.0,0.0,0.0,0.0,0.0,0.0,0.0,0.0,0.0,1.0,172781.14010784705,0.0,0.0,0.0,0.0,0.0,0.0,0.0,0.0,0.0,0.0,0.0,0.0,2,1,7,65.62142258833333,0
44291860,1,0.0,1,455.82206189310074,0.0,0.0,0.0,6.1242939537891745,0.0,0.0,0.0,0.0,0.0,0.0,0.0,0.0,0.0,1.0,22067.161889069488,0.0,0.0,0.0,0.0,0.0,0.0,0.0,0.0,0.0,0.0,0.0,0.0,18,6,7,64.50388345694444,0
46217176,1,0.0,1,1109.141798732571,0.0,0.0,0.0,7.012243032753397,0.0,0.0,0.0,0.0,0.0,0.0,0.0,0.0,0.0,1.0,21105.90497305261,0.0,0.0,0.0,0.0,0.0,0.0,0.0,0.0,0.0,0.0,0.0,0.0,16,2,8,66.48903372972222,0
46826716,11,4.854042508888889,0,217.83864548113385,15.471328767752652,0.0710219655175581,3.18730805085061,5.388334679636778,2.8016212190015906,0.0686133003043498,0.0710219655175581,29.06308654041834,5.987398438970614,53.36513749315573,10.993957592137203,73.72103334146084,0.9599082603463474,0.2803143444757138,1067.998087602267,0.0,0.0,-1.4621672419501958e-13,0.0,0.0,0.0,2.3087282127924353e-13,0.0,0.7390680127915464,0.7390680127915464,-7.405868592880721,8.125282390335379,22,5,6,0.1303196202777778,1
46976428,1,0.0,1,23.01278061690398,0.0,0.0,0.0,3.178586214310784,0.0,0.0,0.0,0.0,0.0,0.0,0.0,0.0,0.0,1.0,131901.51625045916,0.0,0.0,0.0,0.0,0.0,0.0,0.0,0.0,0.0,0.0,0.0,0.0,1,1,8,65.19984843,0
47422636,1,0.0,1,40.62991071870186,0.0,0.0,0.0,3.728818916566147,0.0,0.0,0.0,0.0,0.0,0.0,0.0,0.0,0.0,1.0,126187.10769485796,0.0,0.0,0.0,0.0,0.0,0.0,0.0,0.0,0.0,0.0,0.0,0.0,0,5,8,58.53215085972223,0
47616223,1,0.0,1,1101.4863314232202,0.0,0.0,0.0,7.005323209442079,0.0,0.0,0.0,0.0,0.0,0.0,0.0,0.0,0.0,1.0,85785.07087813505,0.0,0.0,0.0,0.0,0.0,0.0,0.0,0.0,0.0,0.0,0.0,0.0,3,3,5,66.18994638722222,0
47633923,3,4.980695936111111,0,165.64986315450096,15.032550605163834,0.0907489467174689,3.018162682081158,5.115894983598301,2.774621068447179,0.0868645668690484,0.0907489467174689,32.232842390691076,6.471553936267434,48.59405337681866,9.756478612657595,290.1392524410278,-0.9388585958621676,0.3443029726501341,2783.958286157824,18.46733373873015,39.17513075127363,8.396692839906386,-7.865392959896537,7.865392959896537,-39.17513075127363,4.872141170539261,0.8797922752398581,-0.8015548709333882,0.8015548709333882,-5.833605624001827,-7.820352955133121,23,3,6,3.209417225277778,1
48888338,1,0.0,1,2246.5895314301515,0.0,0.0,0.0,7.717613601561308,0.0,0.0,0.0,0.0,0.0,0.0,0.0,0.0,0.0,1.0,32619.07199986461,0.0,0.0,0.0,0.0,0.0,0.0,0.0,0.0,0.0,0.0,0.0,0.0,17,2,8,42.30580721611111,0
48971236,1,0.0,1,34.082591075566725,0.0,0.0,0.0,3.5577050266795966,0.0,0.0,0.0,0.0,0.0,0.0,0.0,0.0,0.0,1.0,64859.49182142859,0.0,0.0,0.0,0.0,0.0,0.0,0.0,0.0,0.0,0.0,0.0,0.0,21,6,7,63.75231567666667,0
49088441,1,0.0,1,424.14874749339634,0.0,0.0,0.0,6.052439101792877,0.0,0.0,0.0,0.0,0.0,0.0,0.0,0.0,0.0,1.0,32486.81316027932,0.0,0.0,0.0,0.0,0.0,0.0,0.0,0.0,0.0,0.0,0.0,0.0,20,3,6,19.162140627222225,0
49304487,1,0.0,1,0.3468540154500288,0.0,0.0,0.0,0.2977715140122906,0.0,0.0,0.0,0.0,0.0,0.0,0.0,0.0,0.0,1.0,579342.0998185971,0.0,0.0,0.0,0.0,0.0,0.0,0.0,0.0,0.0,0.0,0.0,0.0,23,0,3,17.63673193972222,0
49343570,1,0.0,1,599.4369081882058,0.0,0.0,0.0,6.397657570535173,0.0,0.0,0.0,0.0,0.0,0.0,0.0,0.0,0.0,1.0,6343.519242618066,0.0,0.0,0.0,0.0,0.0,0.0,0.0,0.0,0.0,0.0,0.0,0.0,9,3,6,26.528310765,0
49498922,1,0.0,1,526.1714721130672,0.0,0.0,0.0,6.2675258696473035,0.0,0.0,0.0,0.0,0.0,0.0,0.0,0.0,0.0,1.0,163283.77560868076,0.0,0.0,0.0,0.0,0.0,0.0,0.0,0.0,0.0,0.0,0.0,0.0,23,4,8,64.43527355388889,0
49705111,1,0.0,1,1683.8128722460556,0.0,0.0,0.0,7.429409781572542,0.0,0.0,0.0,0.0,0.0,0.0,0.0,0.0,0.0,1.0,44413.84539068412,0.0,0.0,0.0,0.0,0.0,0.0,0.0,0.0,0.0,0.0,0.0,0.0,4,3,6,55.818522988333335,0
49907151,12,4.829815077499999,0,200.38665251027433,314.05204447244114,1.5672303546082686,65.02361672923516,5.305226704554383,5.752737845725654,0.942827631710937,1.5672303546082686,480.9965474223435,99.58901939395082,654.7493712765328,135.5640662779667,59.998433695141216,0.8660117348724028,0.5000236745028089,2430.597798935484,325.1375709089237,-650.2753194457678,-202.20286735624904,134.6377260850248,134.6377260850248,650.2753194457678,-40.21619495996862,0.6385216329614519,0.9945939224532974,0.9945939224532974,14.077092630459148,134.83119642312167,20,3,8,0.5085623355555555,1
50111753,4,4.797640447777778,0,12.75957769995146,0.0,0.0,0.0,2.621735141623733,0.0,0.0,0.0,0.0,0.0,0.0,0.0,0.0,0.0,1.0,14753.239829602711,0.0,0.0,1.3985635361613625e-12,0.0,0.0,0.0,2.886797445730118e-12,0.0,0.9731297212183578,0.9731297212183578,0.0,0.0,20,2,8,66.85989141694445,0
50154005,1,0.0,1,6.356731022552842,0.0,0.0,0.0,1.995615679530488,0.0,0.0,0.0,0.0,0.0,0.0,0.0,0.0,0.0,1.0,316360.7150846173,0.0,0.0,0.0,0.0,0.0,0.0,0.0,0.0,0.0,0.0,0.0,0.0,2,5,8,64.55913709361111,0
50232090,1,0.0,1,485.0925613593963,0.0,0.0,0.0,6.186399061238162,0.0,0.0,0.0,0.0,0.0,0.0,0.0,0.0,0.0,1.0,757700.487102109,0.0,0.0,0.0,0.0,0.0,0.0,0.0,0.0,0.0,0.0,0.0,0.0,0,2,3,19.21307650916667,0
50442487,1,0.0,1,0.6167221105480031,0.0,0.0,0.0,0.4804007108775475,0.0,0.0,0.0,0.0,0.0,0.0,0.0,0.0,0.0,1.0,81882.64788244842,0.0,0.0,0.0,0.0,0.0,0.0,0.0,0.0,0.0,0.0,0.0,0.0,1,5,8,14.670000989444445,0
50534601,1,0.0,1,298.31087656592933,0.0,0.0,0.0,5.701482754211499,0.0,0.0,0.0,0.0,0.0,0.0,0.0,0.0,0.0,1.0,452829.4130107619,0.0,0.0,0.0,0.0,0.0,0.0,0.0,0.0,0.0,0.0,0.0,0.0,21,2,3,14.981560554722222,0
51019821,1,0.0,1,14.821261718858937,0.0,0.0,0.0,2.7613547138279797,0.0,0.0,0.0,0.0,0.0,0.0,0.0,0.0,0.0,1.0,5964.975324595962,0.0,0.0,0.0,0.0,0.0,0.0,0.0,0.0,0.0,0.0,0.0,0.0,21,3,5,61.37140299361111,0
51167521,1,0.0,1,16.023645314995075,0.0,0.0,0.0,2.834603278531661,0.0,0.0,0.0,0.0,0.0,0.0,0.0,0.0,0.0,1.0,174239.6146863767,0.0,0.0,0.0,0.0,0.0,0.0,0.0,0.0,0.0,0.0,0.0,0.0,3,6,7,64.06834064833333,0
51302326,1,0.0,1,440.9407094251719,0.0,0.0,0.0,6.091175731507904,0.0,0.0,0.0,0.0,0.0,0.0,0.0,0.0,0.0,1.0,1330.8111323491971,0.0,0.0,0.0,0.0,0.0,0.0,0.0,0.0,0.0,0.0,0.0,0.0,9,1,9,8.173316426666666,1
51568885,1,0.0,1,296.9957157745295,0.0,0.0,0.0,5.697079109806522,0.0,0.0,0.0,0.0,0.0,0.0,0.0,0.0,0.0,1.0,203026.6575694284,0.0,0.0,0.0,0.0,0.0,0.0,0.0,0.0,0.0,0.0,0.0,0.0,23,2,8,66.99447413277778,0
51688491,7,2.078191773611111,0,51.10061132026086,42.85653966088652,0.8386698036212015,20.622033156457967,3.9531766822847416,3.7809238447767335,0.6090423684383038,0.8386698036212015,143.56822509157843,69.0832419387895,305.27237997911845,146.89326743348164,85.28463658056711,0.9966153798127024,0.0822057462759307,7468.5616614216415,0.9972745498308264,-2.8499494106408747,-0.4351274353195045,1.3713601635948836,1.3713601635948836,2.8499494106408747,-5.273702073072924,0.0847772055035385,0.0303615231587703,0.0303615231587703,146.82554709406963,4.459903341049105,21,0,5,64.3224387988889,0
52259907,2,3.289158094166667,0,21.829278953246675,0.0,0.0,0.0,3.1280438767423138,0.0,0.0,0.0,0.0,0.0,0.0,0.0,0.0,0.0,1.0,2297.207311329921,0.0,0.0,-2.0738468836126794e-13,0.0,0.0,0.0,0.0,0.0,0.9690646999252508,0.9690646999252508,0.0,0.0,1,0,7,43.8466829225,1
52398567,1,0.0,1,18.0216118983244,0.0,0.0,0.0,2.9455758010723465,0.0,0.0,0.0,0.0,0.0,0.0,0.0,0.0,0.0,1.0,9389.595311630235,0.0,0.0,0.0,0.0,0.0,0.0,0.0,0.0,0.0,0.0,0.0,0.0,4,5,7,32.80871129916667,0
52440944,1,0.0,1,110.149250240267,0.0,0.0,0.0,4.710873894910774,0.0,0.0,0.0,0.0,0.0,0.0,0.0,0.0,0.0,1.0,311444.62415617396,0.0,0.0,0.0,0.0,0.0,0.0,0.0,0.0,0.0,0.0,0.0,0.0,20,1,8,62.52757699722222,0
52813329,1,0.0,1,185.1013086215456,0.0,0.0,0.0,5.226291195442641,0.0,0.0,0.0,0.0,0.0,0.0,0.0,0.0,0.0,1.0,2090.968834398396,0.0,0.0,0.0,0.0,0.0,0.0,0.0,0.0,0.0,0.0,0.0,0.0,0,4,7,2.661197375833333,1
54163612,1,0.0,1,11942.392114838774,0.0,0.0,0.0,9.387933443318929,0.0,0.0,0.0,0.0,0.0,0.0,0.0,0.0,0.0,1.0,131874.43106230922,0.0,0.0,0.0,0.0,0.0,0.0,0.0,0.0,0.0,0.0,0.0,0.0,2,5,8,66.72742123444444,0
54555851,7,4.4991170347222225,0,39.33410806846224,130.77579013651587,3.3247427374963356,29.06699006210449,3.697197465053136,4.88110191882662,1.4643526364101975,3.3247427374963356,382.0086782137472,84.90747745959283,514.2123754364037,114.29184248107728,64.65993601478965,0.9037834993352636,0.4279899371822958,3346.852589226788,29.135824453046443,-83.26255366947998,-5.3758003198653626,18.506420932573196,18.506420932573196,83.26255366947998,-38.58614207208104,0.0727636943988291,0.231012351203393,0.231012351203393,-111.20034159419724,26.4028272549215,16,0,8,3.791231432222222,1
54606261,1,0.0,1,386.2028323283468,0.0,0.0,0.0,5.958948670273258,0.0,0.0,0.0,0.0,0.0,0.0,0.0,0.0,0.0,1.0,2511.3178349512295,0.0,0.0,0.0,0.0,0.0,0.0,0.0,0.0,0.0,0.0,0.0,0.0,6,2,8,7.611519684166666,1
55031524,2,2.9988058575,0,34.250631033831674,0.0,0.0,0.0,3.562483430767029,0.0,0.0,0.0,0.0,0.0,0.0,0.0,0.0,0.0,1.0,4163.557384931371,0.0,0.0,-3.032856226748678e-13,0.0,0.0,0.0,0.0,0.0,-0.0716965973024154,0.0716965973024154,0.0,-0.0,21,6,6,5.465545102222222,1
55093960,1,0.0,1,425.0916551444055,0.0,0.0,0.0,6.05465447604844,0.0,0.0,0.0,0.0,0.0,0.0,0.0,0.0,0.0,1.0,28057.54085039548,0.0,0.0,0.0,0.0,0.0,0.0,0.0,0.0,0.0,0.0,0.0,0.0,22,6,5,47.00133107722222,0
55451314,1,0.0,1,183.3126468736274,0.0,0.0,0.0,5.216633483448029,0.0,0.0,0.0,0.0,0.0,0.0,0.0,0.0,0.0,1.0,1523.5956509289344,0.0,0.0,0.0,0.0,0.0,0.0,0.0,0.0,0.0,0.0,0.0,0.0,0,0,7,4.457485441111111,1
56190238,2,1.3561069686111111,0,135.4878660271859,0.0,0.0,0.0,4.916235717100017,0.0,0.0,0.0,0.0,0.0,0.0,0.0,0.0,0.0,1.0,1275.516953177331,0.0,0.0,0.0,0.0,0.0,0.0,0.0,0.0,-0.8793588815665524,0.8793588815665524,0.0,-0.0,22,3,8,0.547744816111111,1
56860504,1,0.0,1,1671.4995303635098,0.0,0.0,0.0,7.422074511203247,0.0,0.0,0.0,0.0,0.0,0.0,0.0,0.0,0.0,1.0,371683.21897500026,0.0,0.0,0.0,0.0,0.0,0.0,0.0,0.0,0.0,0.0,0.0,0.0,18,3,8,65.37490716194445,0
57382947,1,0.0,1,1218.9132637027894,0.0,0.0,0.0,7.106535039874327,0.0,0.0,0.0,0.0,0.0,0.0,0.0,0.0,0.0,1.0,288439.80076860194,0.0,0.0,0.0,0.0,0.0,0.0,0.0,0.0,0.0,0.0,0.0,0.0,21,2,8,36.16885794694444,0
59050390,1,0.0,1,8092.570963381752,0.0,0.0,0.0,8.998825317282911,0.0,0.0,0.0,0.0,0.0,0.0,0.0,0.0,0.0,1.0,104630.33502217264,0.0,0.0,0.0,0.0,0.0,0.0,0.0,0.0,0.0,0.0,0.0,0.0,3,5,8,39.269751461666665,0
59088464,1,0.0,1,30.221795868748742,0.0,0.0,0.0,3.4411164364549616,0.0,0.0,0.0,0.0,0.0,0.0,0.0,0.0,0.0,1.0,61156.09500074791,0.0,0.0,0.0,0.0,0.0,0.0,0.0,0.0,0.0,0.0,0.0,0.0,21,2,7,59.21964660277778,0
59822043,1,0.0,1,60.71560307053959,0.0,0.0,0.0,4.122536785011383,0.0,0.0,0.0,0.0,0.0,0.0,0.0,0.0,0.0,1.0,51120.228585134544,0.0,0.0,0.0,0.0,0.0,0.0,0.0,0.0,0.0,0.0,0.0,0.0,22,4,7,64.18241335722223,0
59863246,9,4.567797819444444,0,180.4430440822489,568.8088199518432,3.152290091562471,124.5258311413232,5.200941797747904,6.345300900974973,1.423660007125725,3.152290091562471,786.455254287543,172.17383198085486,1178.5200063779298,258.0061668581615,39.80048272676959,0.6401161723826967,0.7682781305322479,5215.748714603373,110.67322320041966,234.7733598623672,69.9911345893448,-51.39749374698055,51.39749374698055,-234.7733598623672,17.43873952150749,0.6270680226908056,-0.0863360067427255,0.0863360067427255,257.0427914073762,-22.275222161531016,20,1,6,57.08968793027778,0
59912474,1,0.0,1,54.84752845246064,0.0,0.0,0.0,4.0226252712228545,0.0,0.0,0.0,0.0,0.0,0.0,0.0,0.0,0.0,1.0,656.9818864209365,0.0,0.0,0.0,0.0,0.0,0.0,0.0,0.0,0.0,0.0,0.0,0.0,21,1,9,13.107416989166666,1
60008113,1,0.0,1,103.6463434897661,0.0,0.0,0.0,4.650586507906674,0.0,0.0,0.0,0.0,0.0,0.0,0.0,0.0,0.0,1.0,498519.0560520214,0.0,0.0,0.0,0.0,0.0,0.0,0.0,0.0,0.0,0.0,0.0,0.0,0,6,3,60.07479442555555,0
60132804,13,4.819050848888889,0,1630.3896249034435,2508.041442205854,1.5383080239819285,520.4430334625176,7.397187461218603,7.827656063649642,0.9314977264034612,1.5383080239819285,1351.378212175602,280.42414461909743,2045.3331085690013,424.4265463686872,93.89780409524916,0.9976868848411212,-0.0679770535991347,2798.867828527638,850.735044407954,-1706.5266111270462,-566.710918183082,354.12089737972235,354.12089737972235,1706.5266111270462,-116.92738607603889,0.5029814712446935,0.9026277675077388,0.9026277675077388,-182.68253045495996,383.09918601978785,20,2,7,1.262348174166667,1
60328541,1,0.0,1,45.548826012879616,0.0,0.0,0.0,3.840501783488392,0.0,0.0,0.0,0.0,0.0,0.0,0.0,0.0,0.0,1.0,218084.3377207929,0.0,0.0,0.0,0.0,0.0,0.0,0.0,0.0,0.0,0.0,0.0,0.0,3,5,7,65.71784846777778,0
60871141,7,2.0861547594444443,0,148.83458188457465,27.61086754393898,0.1855137911789343,13.235292069746505,5.009531898142604,3.35378662970396,0.1701762586214156,0.1855137911789343,61.12989144777703,29.30266375063003,110.49631939252072,52.96650159451572,80.91252604682666,0.9874483597906626,0.1579421943203597,868.6134045748647,1.1368683772161605e-13,0.0,9.856980819237033e-14,0.0,0.0,0.0,-1.911400113675993e-13,0.2857142857142857,-0.4754729927073538,0.4754729927073538,-46.59623731509958,-25.184141026383216,21,6,8,0.4100321630555555,1
60883493,1,0.0,1,198.4636844698227,0.0,0.0,0.0,5.295632187027231,0.0,0.0,0.0,0.0,0.0,0.0,0.0,0.0,0.0,1.0,5404.55387580153,0.0,0.0,0.0,0.0,0.0,0.0,0.0,0.0,0.0,0.0,0.0,0.0,20,2,7,60.73052582333333,0
61186593,4,4.5831712894444445,0,703.2834272686727,0.0,0.0,0.0,6.557180870690289,0.0,0.0,0.0,0.0,0.0,0.0,0.0,0.0,0.0,1.0,200228.86365188615,0.0,0.0,-8.103264569527927e-12,0.0,0.0,0.0,-1.3203556713311667e-11,0.0,-0.9999947998108428,0.9999947998108428,0.0,-0.0,20,2,7,63.89179341861111,0
61455506,1,0.0,1,98.47321454701972,0.0,0.0,0.0,4.599888407391115,0.0,0.0,0.0,0.0,0.0,0.0,0.0,0.0,0.0,1.0,152444.94737764215,0.0,0.0,0.0,0.0,0.0,0.0,0.0,0.0,0.0,0.0,0.0,0.0,19,4,6,66.6407907588889,0
62295471,1,0.0,1,42.956507326494865,0.0,0.0,0.0,3.783200675207373,0.0,0.0,0.0,0.0,0.0,0.0,0.0,0.0,0.0,1.0,3044.5286317091527,0.0,0.0,0.0,0.0,0.0,0.0,0.0,0.0,0.0,0.0,0.0,0.0,21,3,7,0.1329790244444444,1
62568772,5,4.491952682777778,0,42.59384916435014,0.0,0.0,0.0,3.774916066190934,0.0,0.0,0.0,0.0,0.0,0.0,0.0,0.0,0.0,1.0,1814.91117435336,0.0,0.0,-2.399930124788019e-13,0.0,0.0,0.0,3.5983150065360385e-13,0.0,-0.8428382606783883,0.8428382606783883,-0.0,-0.0,22,3,5,0.3765659569444444,1
62887976,3,4.6455178875000005,0,0.665505877950942,0.0,0.0,0.0,0.5101289078864034,0.0,0.0,0.0,0.0,0.0,0.0,0.0,0.0,0.0,1.0,2113.0346526794365,0.0,0.0,4.790992309186679e-14,0.0,0.0,0.0,-2.1853669918384565e-13,0.0,-0.757293940655555,0.757293940655555,0.0,-0.0,21,3,7,3.3202997266666667,1
63182365,1,0.0,1,1951.6138744081688,0.0,0.0,0.0,7.576924202373296,0.0,0.0,0.0,0.0,0.0,0.0,0.0,0.0,0.0,1.0,2941.670461370172,0.0,0.0,0.0,0.0,0.0,0.0,0.0,0.0,0.0,0.0,0.0,0.0,19,5,8,45.33606271222222,1
64255332,1,0.0,1,131.73701726382504,0.0,0.0,0.0,4.8883698569502085,0.0,0.0,0.0,0.0,0.0,0.0,0.0,0.0,0.0,1.0,158865.62812307614,0.0,0.0,0.0,0.0,0.0,0.0,0.0,0.0,0.0,0.0,0.0,0.0,23,1,7,33.3943056075,0
64647602,2,4.527392191111111,0,18.934076204104308,0.0,0.0,0.0,2.9924306393584805,0.0,0.0,0.0,0.0,0.0,0.0,0.0,0.0,0.0,1.0,275808.9151879224,0.0,0.0,-1.2856774597029576e-11,0.0,0.0,0.0,0.0,0.0,-0.9972758330078684,0.9972758330078684,0.0,-0.0,22,3,7,65.25434636777777,0
65120642,4,4.640813318055556,0,420.39872978399166,352.03242431086477,0.8373774689846121,75.85576065756553,6.043579487089303,5.866559906286871,0.6083392652515385,0.8373774689846121,411.2388283102814,88.61352528668088,548.8348653690879,118.26264659985138,34.84752779776426,0.5713945281178888,0.8206755103187466,131497.03084901496,180.71296393196693,-435.8771140500903,-84.54823089898366,93.9225700706956,93.9225700706956,435.8771140500903,-94.18475437368944,0.6580971463118083,0.7964688854891642,0.7964688854891642,71.51099965043925,94.19251833238252,17,2,6,2.483279283888889,0
66457746,2,3.76802964,0,9.31429897739604,0.0,0.0,0.0,2.3335311827397636,0.0,0.0,0.0,0.0,0.0,0.0,0.0,0.0,0.0,1.0,572545.7207109367,0.0,0.0,0.0,0.0,0.0,0.0,0.0,0.0,0.4956058768251277,0.4956058768251277,0.0,0.0,21,5,3,34.533802602222224,0
66587029,1,0.0,1,3.707171434309013,0.0,0.0,0.0,1.549087182896416,0.0,0.0,0.0,0.0,0.0,0.0,0.0,0.0,0.0,1.0,83351.51571318024,0.0,0.0,0.0,0.0,0.0,0.0,0.0,0.0,0.0,0.0,0.0,0.0,6,1,5,26.386562465277777,0
66678641,1,0.0,1,123.42174747391452,0.0,0.0,0.0,4.823676983948174,0.0,0.0,0.0,0.0,0.0,0.0,0.0,0.0,0.0,1.0,2634.347322061805,0.0,0.0,0.0,0.0,0.0,0.0,0.0,0.0,0.0,0.0,0.0,0.0,5,1,8,7.488617355,1
66725353,1,0.0,1,2.062098004498767,0.0,0.0,0.0,1.1191003034178566,0.0,0.0,0.0,0.0,0.0,0.0,0.0,0.0,0.0,1.0,1458.4215258867512,0.0,0.0,0.0,0.0,0.0,0.0,0.0,0.0,0.0,0.0,0.0,0.0,16,2,7,55.170609785555556,1
67308425,1,0.0,1,13.127177199139354,0.0,0.0,0.0,2.6481004031466315,0.0,0.0,0.0,0.0,0.0,0.0,0.0,0.0,0.0,1.0,2577.9704003595225,0.0,0.0,0.0,0.0,0.0,0.0,0.0,0.0,0.0,0.0,0.0,0.0,18,1,8,3.3625956216666664,1
67947674,2,3.068992391111111,0,3.1661871268481403,0.0,0.0,0.0,1.4270012594603882,0.0,0.0,0.0,0.0,0.0,0.0,0.0,0.0,0.0,1.0,5848.796495020648,0.0,0.0,0.0,0.0,0.0,0.0,0.0,0.0,-0.5755375309067501,0.5755375309067501,-0.0,-0.0,8,6,8,9.404261130833332,0
68486145,1,0.0,1,362.76454227994,0.0,0.0,0.0,5.89650679646304,0.0,0.0,0.0,0.0,0.0,0.0,0.0,0.0,0.0,1.0,136030.95637310587,0.0,0.0,0.0,0.0,0.0,0.0,0.0,0.0,0.0,0.0,0.0,0.0,18,6,5,62.33355677444444,0
68898469,1,0.0,1,10.580539236305064,0.0,0.0,0.0,2.4493260372355543,0.0,0.0,0.0,0.0,0.0,0.0,0.0,0.0,0.0,1.0,5906.668697265707,0.0,0.0,0.0,0.0,0.0,0.0,0.0,0.0,0.0,0.0,0.0,0.0,22,5,6,63.5643817825,0
68911231,2,2.2785083894444447,0,228.1224112546195,0.0,0.0,0.0,5.434256407698309,0.0,0.0,0.0,0.0,0.0,0.0,0.0,0.0,0.0,1.0,494.59817604774327,0.0,0.0,0.0,0.0,0.0,0.0,0.0,0.0,-0.6631450810610041,0.6631450810610041,0.0,-0.0,22,1,7,0.8671765008333333,1
69453871,6,4.789218075,0,1668.669259284503,806.5518696710456,0.4833503494975879,168.409927683455,7.420380837464007,6.694007287920583,0.3943032788203731,0.4833503494975879,502.25544078964367,104.87211751986123,506.37353875756344,105.73198606279033,219.99746266221896,-0.6427536848558271,-0.7660729081518652,2504.418216766557,60.67008502129556,-121.34017004259113,-32.07249168349701,25.33611294002124,25.33611294002124,121.34017004259113,-12.957853874483911,0.6777110828388047,0.3269587659765679,0.3269587659765679,-99.92080863563548,34.5699996873416,18,2,1,0.5149067594444444,1
69696766,1,0.0,1,202.70490410471763,0.0,0.0,0.0,5.316672398076575,0.0,0.0,0.0,0.0,0.0,0.0,0.0,0.0,0.0,1.0,13840.822075905193,0.0,0.0,0.0,0.0,0.0,0.0,0.0,0.0,0.0,0.0,0.0,0.0,21,3,6,20.464237575,0
69788114,1,0.0,1,51.47044276858887,0.0,0.0,0.0,3.960250016172429,0.0,0.0,0.0,0.0,0.0,0.0,0.0,0.0,0.0,1.0,2186.9422055527225,0.0,0.0,0.0,0.0,0.0,0.0,0.0,0.0,0.0,0.0,0.0,0.0,16,2,7,20.87294373805555,1
69938994,1,0.0,1,6.464945749497888,0.0,0.0,0.0,2.010218163650331,0.0,0.0,0.0,0.0,0.0,0.0,0.0,0.0,0.0,1.0,1373.4879657821266,0.0,0.0,0.0,0.0,0.0,0.0,0.0,0.0,0.0,0.0,0.0,0.0,15,1,7,3.6673862175,1
70156135,1,0.0,1,57.65928661304132,0.0,0.0,0.0,4.071745902088401,0.0,0.0,0.0,0.0,0.0,0.0,0.0,0.0,0.0,1.0,412694.9195834678,0.0,0.0,0.0,0.0,0.0,0.0,0.0,0.0,0.0,0.0,0.0,0.0,18,2,3,18.91827401388889,0
70401139,12,2.93229394,0,29.965976793901593,536.0821949695771,17.889695325355646,182.82007395533375,3.432889078988616,6.286151146053937,2.9386165208934463,17.889695325355646,1033.4626239543195,352.4416873276761,1744.8870120558588,595.0586973064027,99.55594694061875,0.9861239692576192,-0.1660105938053299,644.9376890793595,0.0,0.0,-1.2781794249944032e-13,0.0,0.0,0.0,3.5393198590207393e-13,0.0,-0.8849500785218932,0.8849500785218932,277.11044568857636,-526.5972409064366,22,6,6,1.9381215852777776,1
71012530,1,0.0,1,0.1670185476005367,0.0,0.0,0.0,0.1544522465804652,0.0,0.0,0.0,0.0,0.0,0.0,0.0,0.0,0.0,1.0,312721.29459212645,0.0,0.0,0.0,0.0,0.0,0.0,0.0,0.0,0.0,0.0,0.0,0.0,0,4,4,12.242322164444444,0
71424445,3,4.710365445277778,0,259.35590907539995,33.11973535838922,0.1276999451312314,7.031245397656423,5.562049576011224,3.5298759663914416,0.1201801111640207,0.1276999451312314,56.271627010914926,11.94633997396703,73.14190840187912,15.527862806314772,271.4531887582347,-0.9996783781709324,0.0253602093353745,3175.9680409148314,33.24728460921261,70.52814120964013,13.422347841010644,-14.97296590444926,14.97296590444926,-70.52814120964013,17.026052631248998,0.6155825870374991,-0.9631473966747626,0.9631473966747626,-4.176593668194002,-14.955620637824946,10,2,6,1.4691954252777777,1
71782873,2,1.5753228902777778,0,0.0375248376006194,0.0,0.0,0.0,0.0368379126921813,0.0,0.0,0.0,0.0,0.0,0.0,0.0,0.0,0.0,1.0,194325.21686612972,0.0,0.0,-1.8474834991829392e-11,0.0,0.0,0.0,0.0,0.0,-0.9715773192613671,0.9715773192613671,0.0,-0.0,21,3,8,55.06555553472222,0
72668739,1,0.0,1,1.5561496926033016,0.0,0.0,0.0,0.9385020999816756,0.0,0.0,0.0,0.0,0.0,0.0,0.0,0.0,0.0,1.0,11947.869643571064,0.0,0.0,0.0,0.0,0.0,0.0,0.0,0.0,0.0,0.0,0.0,0.0,23,5,8,36.95854660388889,0
72709271,2,2.028575971388889,0,151.2698663456878,0.0,0.0,0.0,5.0256543831067235,0.0,0.0,0.0,0.0,0.0,0.0,0.0,0.0,0.0,1.0,14843.57265746264,0.0,0.0,0.0,0.0,0.0,0.0,0.0,0.0,0.4924996267316945,0.4924996267316945,-0.0,0.0,20,5,5,64.44994044611111,0
72762907,1,0.0,1,13.61403288945494,0.0,0.0,0.0,2.6819822239108304,0.0,0.0,0.0,0.0,0.0,0.0,0.0,0.0,0.0,1.0,31058.89243393004,0.0,0.0,0.0,0.0,0.0,0.0,0.0,0.0,0.0,0.0,0.0,0.0,22,6,7,43.81576296527778,0
73046875,1,0.0,1,672.4503446985639,0.0,0.0,0.0,6.512414265884568,0.0,0.0,0.0,0.0,0.0,0.0,0.0,0.0,0.0,1.0,8267.46073899931,0.0,0.0,0.0,0.0,0.0,0.0,0.0,0.0,0.0,0.0,0.0,0.0,21,6,8,66.60121243222223,0
73362817,1,0.0,1,67.56053893211835,0.0,0.0,0.0,4.227717134995478,0.0,0.0,0.0,0.0,0.0,0.0,0.0,0.0,0.0,1.0,1464.5683557319596,0.0,0.0,0.0,0.0,0.0,0.0,0.0,0.0,0.0,0.0,0.0,0.0,19,1,7,19.561849150555556,1
73464738,1,0.0,1,42.85269427680296,0.0,0.0,0.0,3.780836159959221,0.0,0.0,0.0,0.0,0.0,0.0,0.0,0.0,0.0,1.0,295594.5374485104,0.0,0.0,0.0,0.0,0.0,0.0,0.0,0.0,0.0,0.0,0.0,0.0,19,6,7,65.69775239916666,0
74520040,1,0.0,1,7197.11788356092,0.0,0.0,0.0,8.881574865770904,0.0,0.0,0.0,0.0,0.0,0.0,0.0,0.0,0.0,1.0,27514.339030673276,0.0,0.0,0.0,0.0,0.0,0.0,0.0,0.0,0.0,0.0,0.0,0.0,9,4,6,63.38346976361111,0
74572738,12,1.2210023455555556,0,18.013125810341137,3.327964320412164,0.1847521832386035,2.7256002681124594,2.9451295727749898,1.465097297612825,0.1695336159909713,0.1847521832386035,21.182750578250136,17.348656745300513,38.03504663773405,31.150674506221456,283.5499182244604,-0.9721661650568376,0.2342924401654515,488007.4790291849,18.4021656279318,37.936438266711775,42.89961680363182,-31.069914324735148,31.069914324735148,-37.936438266711775,16.719227636558553,0.7625995100340783,-0.9974018853400234,0.9974018853400234,-2.2440335173229986,-31.069741482118683,23,4,4,32.57303382388889,0
75429514,1,0.0,1,2221.4644767683253,0.0,0.0,0.0,7.706371983804002,0.0,0.0,0.0,0.0,0.0,0.0,0.0,0.0,0.0,1.0,42221.41446482103,0.0,0.0,0.0,0.0,0.0,0.0,0.0,0.0,0.0,0.0,0.0,0.0,18,1,5,65.33281996694444,0
76217490,2,2.024599033888889,0,23.740968966308472,0.0,0.0,0.0,3.2084605321758906,0.0,0.0,0.0,0.0,0.0,0.0,0.0,0.0,0.0,1.0,8292.770206852609,0.0,0.0,-4.492221356176158e-13,0.0,0.0,0.0,0.0,0.0,0.0734421409067939,0.0734421409067939,-0.0,0.0,18,1,8,62.41916849277778,0
76322687,1,0.0,1,288.26600573967204,0.0,0.0,0.0,5.667346699857181,0.0,0.0,0.0,0.0,0.0,0.0,0.0,0.0,0.0,1.0,617974.7365389805,0.0,0.0,0.0,0.0,0.0,0.0,0.0,0.0,0.0,0.0,0.0,0.0,23,3,7,64.78061227916666,0
76903640,1,0.0,1,296.4579626492968,0.0,0.0,0.0,5.6952729129824435,0.0,0.0,0.0,0.0,0.0,0.0,0.0,0.0,0.0,1.0,212682.30386708523,0.0,0.0,0.0,0.0,0.0,0.0,0.0,0.0,0.0,0.0,0.0,0.0,22,3,7,62.70764025777778,0
77028404,7,4.0737531825,0,149.95885157279417,-2.156174792844467e-05,-1.437844295438473e-07,-5.292845924262049e-06,5.017007293537944,0.0,-1.4378443892262906e-07,-1.437844295438473e-07,-4.966986682575225e-05,-1.2192654930378137e-05,0.0022709194131978,0.0005574513995971,234.8974860144229,-0.8181244869447677,-0.5750411497113581,306.95455122724024,0.0,0.0,-2.8489107376714426e-14,0.0,0.0,0.0,-8.235308718516893e-14,0.0,0.9761970050689572,0.9761970050689572,-0.00012090323757,0.0005441823867581,21,1,6,2.980008299722222,1
78390748,1,0.0,1,31.53884238719651,0.0,0.0,0.0,3.482434526087294,0.0,0.0,0.0,0.0,0.0,0.0,0.0,0.0,0.0,1.0,98828.3564800184,0.0,0.0,0.0,0.0,0.0,0.0,0.0,0.0,0.0,0.0,0.0,0.0,23,0,6,38.52526441,0
78849751,1,0.0,1,19.50334398314582,0.0,0.0,0.0,3.020587993970622,0.0,0.0,0.0,0.0,0.0,0.0,0.0,0.0,0.0,1.0,318819.46220836847,0.0,0.0,0.0,0.0,0.0,0.0,0.0,0.0,0.0,0.0,0.0,0.0,20,3,7,25.416086073333332,0
79439605,1,0.0,1,47.76864945075537,0.0,0.0,0.0,3.887087677125184,0.0,0.0,0.0,0.0,0.0,0.0,0.0,0.0,0.0,1.0,10266.034465517125,0.0,0.0,0.0,0.0,0.0,0.0,0.0,0.0,0.0,0.0,0.0,0.0,21,0,7,38.435357868055554,0
79655801,1,0.0,1,166.24673613405392,0.0,0.0,0.0,5.119470183924371,0.0,0.0,0.0,0.0,0.0,0.0,0.0,0.0,0.0,1.0,251409.51586999864,0.0,0.0,0.0,0.0,0.0,0.0,0.0,0.0,0.0,0.0,0.0,0.0,21,6,8,62.77376126916667,0
80054307,1,0.0,1,421.2730088464142,0.0,0.0,0.0,6.0456520452546325,0.0,0.0,0.0,0.0,0.0,0.0,0.0,0.0,0.0,1.0,178447.70698697845,0.0,0.0,0.0,0.0,0.0,0.0,0.0,0.0,0.0,0.0,0.0,0.0,20,6,7,58.94130613333333,0
80087496,1,0.0,1,258.15090726678625,0.0,0.0,0.0,5.557410545562584,0.0,0.0,0.0,0.0,0.0,0.0,0.0,0.0,0.0,1.0,186960.07937693855,0.0,0.0,0.0,0.0,0.0,0.0,0.0,0.0,0.0,0.0,0.0,0.0,21,5,8,66.79014055472223,0
80232624,1,0.0,1,928.6692723454876,0.0,0.0,0.0,6.834828901765227,0.0,0.0,0.0,0.0,0.0,0.0,0.0,0.0,0.0,1.0,330902.65689386474,0.0,0.0,0.0,0.0,0.0,0.0,0.0,0.0,0.0,0.0,0.0,0.0,13,0,3,20.960517755,0
80265452,1,0.0,1,188.7836464642301,0.0,0.0,0.0,5.2458847205260035,0.0,0.0,0.0,0.0,0.0,0.0,0.0,0.0,0.0,1.0,7892.655684034795,0.0,0.0,0.0,0.0,0.0,0.0,0.0,0.0,0.0,0.0,0.0,0.0,1,0,6,62.88532225111111,0
80340843,1,0.0,1,82.685644520402,0.0,0.0,0.0,4.4270674516794095,0.0,0.0,0.0,0.0,0.0,0.0,0.0,0.0,0.0,1.0,520347.4390632517,0.0,0.0,0.0,0.0,0.0,0.0,0.0,0.0,0.0,0.0,0.0,0.0,22,0,8,15.704857095833336,0
80550714,17,3.16456337,0,53.945874592178534,280.29547506556935,5.195864877241394,88.57319076709447,4.006348602365771,5.639405629570377,1.823882098708533,5.195864877241394,617.0814083441446,194.9973301827559,744.1996196761372,235.16660362410036,133.57237295447555,0.7245042999957986,-0.689270280287492,562.9044335977027,0.0,0.0,1.4819853038438578e-13,0.0,0.0,0.0,-8.681328151427052e-14,0.0,0.6372106592511853,0.6372106592511853,181.24047340717436,149.85066652917516,18,0,6,3.2749512702777777,1
80745551,1,0.0,1,13.612705917782629,0.0,0.0,0.0,2.6818914185916345,0.0,0.0,0.0,0.0,0.0,0.0,0.0,0.0,0.0,1.0,97021.67489172214,0.0,0.0,0.0,0.0,0.0,0.0,0.0,0.0,0.0,0.0,0.0,0.0,16,4,8,62.841039726944445,0
80823027,1,0.0,1,1777.6231760047351,0.0,0.0,0.0,7.483594847356712,0.0,0.0,0.0,0.0,0.0,0.0,0.0,0.0,0.0,1.0,121375.35660812612,0.0,0.0,0.0,0.0,0.0,0.0,0.0,0.0,0.0,0.0,0.0,0.0,21,1,7,38.63661722916667,0
81413445,1,0.0,1,158.60284441061268,0.0,0.0,0.0,5.07268850697853,0.0,0.0,0.0,0.0,0.0,0.0,0.0,0.0,0.0,1.0,402419.9952854216,0.0,0.0,0.0,0.0,0.0,0.0,0.0,0.0,0.0,0.0,0.0,0.0,21,1,4,0.3744860833333333,0
81541989,1,0.0,1,4.875967368452651,0.0,0.0,0.0,1.770870704935532,0.0,0.0,0.0,0.0,0.0,0.0,0.0,0.0,0.0,1.0,31135.441374959773,0.0,0.0,0.0,0.0,0.0,0.0,0.0,0.0,0.0,0.0,0.0,0.0,23,4,7,65.69899316805555,0
82428611,1,0.0,1,0.2770863529478239,0.0,0.0,0.0,0.2445811964930707,0.0,0.0,0.0,0.0,0.0,0.0,0.0,0.0,0.0,1.0,143600.08507398158,0.0,0.0,0.0,0.0,0.0,0.0,0.0,0.0,0.0,0.0,0.0,0.0,13,1,3,64.58061198194444,0
82440747,1,0.0,1,1925.5741013137256,0.0,0.0,0.0,7.563498627543315,0.0,0.0,0.0,0.0,0.0,0.0,0.0,0.0,0.0,1.0,5719.205918041645,0.0,0.0,0.0,0.0,0.0,0.0,0.0,0.0,0.0,0.0,0.0,0.0,0,2,9,15.154004238055556,0
82683747,2,4.085600499444444,0,55.509008443621475,0.0,0.0,0.0,4.03440006692298,0.0,0.0,0.0,0.0,0.0,0.0,0.0,0.0,0.0,1.0,337738.0982792858,0.0,0.0,-7.1235135350828375e-12,0.0,0.0,0.0,0.0,0.0,-0.7858173248650425,0.7858173248650425,0.0,-0.0,22,2,6,50.51911318638889,0
83950561,1,0.0,1,424.96363749010135,0.0,0.0,0.0,6.054353984621712,0.0,0.0,0.0,0.0,0.0,0.0,0.0,0.0,0.0,1.0,1181.2234954458636,0.0,0.0,0.0,0.0,0.0,0.0,0.0,0.0,0.0,0.0,0.0,0.0,18,6,5,14.323375001111112,1
84048308,1,0.0,1,1116.9651180987014,0.0,0.0,0.0,7.019265452958808,0.0,0.0,0.0,0.0,0.0,0.0,0.0,0.0,0.0,1.0,496409.0535344349,0.0,0.0,0.0,0.0,0.0,0.0,0.0,0.0,0.0,0.0,0.0,0.0,20,2,3,58.41185306111112,0
84366259,5,4.559604696944445,0,34.69386915225134,0.0,0.0,0.0,3.5749789416079567,0.0,0.0,0.0,0.0,0.0,0.0,0.0,0.0,0.0,1.0,4186.392117899273,0.0,0.0,-2.7740438417401093e-13,0.0,0.0,0.0,-4.63883423290132e-13,0.0,0.5014436553148174,0.5014436553148174,0.0,0.0,17,4,8,0.5391674044444444,1
84486575,1,0.0,1,632.97346519442,0.0,0.0,0.0,6.452007100555718,0.0,0.0,0.0,0.0,0.0,0.0,0.0,0.0,0.0,1.0,363654.4803888788,0.0,0.0,0.0,0.0,0.0,0.0,0.0,0.0,0.0,0.0,0.0,0.0,18,3,8,43.357539423611115,0
84940844,12,1.9212784394444444,0,28.595424484797473,59.66529572923861,2.0865329612770456,31.054996768969826,3.38761977116527,4.105371800283657,1.127048418330335,2.0865329612770456,228.34155567624157,118.8487576752637,415.3506960221536,216.1845401972325,49.9674446537075,0.7656790888576789,0.6432227708081196,816.1996038915412,0.0,0.0,-1.7410438348395625e-13,0.0,0.0,0.0,5.869804539643981e-13,0.0,-0.1596487799226381,0.1596487799226381,-213.41173109231352,-34.51359808062468,0,5,5,0.2922721472222222,1
84946127,2,1.8756780905555557,0,27.028116278547103,0.0,0.0,0.0,3.3332081591562788,0.0,0.0,0.0,0.0,0.0,0.0,0.0,0.0,0.0,1.0,2575.8745169884864,0.0,0.0,-2.4244424092610313e-13,0.0,0.0,0.0,0.0,0.0,0.9641057307770816,0.9641057307770816,0.0,0.0,22,6,8,0.7176950166666667,1
85577091,1,0.0,1,59.08914790381538,0.0,0.0,0.0,4.095829257912716,0.0,0.0,0.0,0.0,0.0,0.0,0.0,0.0,0.0,1.0,52204.46335492142,0.0,0.0,0.0,0.0,0.0,0.0,0.0,0.0,0.0,0.0,0.0,0.0,22,5,7,63.938705589444446,0
85752079,7,4.163252491388889,0,114.06789377414069,0.0027599039998591,2.4195274485596065e-05,0.0006629201581137,4.74552233480186,0.0027561024578026,2.419498157251465e-05,2.4195274485596065e-05,0.0072896169125442,0.0017509427851473,0.0100165958497514,0.0024059544479873,120.16867153802264,0.8645497164088086,-0.5025472991246184,1986.2084755552248,0.0021364466103499,-0.0061054047343986,-0.000874013331629,0.0014664987883936,0.0014664987883936,0.0061054047343986,-0.0014036614505401,0.2786535627340007,0.6104894251166908,0.6104894251166908,-0.0019055746457517,0.0014688097478087,22,6,7,2.059227285833334,1
86479991,1,0.0,1,1132.2662076094423,0.0,0.0,0.0,7.0328591916021574,0.0,0.0,0.0,0.0,0.0,0.0,0.0,0.0,0.0,1.0,24291.79838295294,0.0,0.0,0.0,0.0,0.0,0.0,0.0,0.0,0.0,0.0,0.0,0.0,21,3,7,66.66294359166666,0
86806129,1,0.0,1,457.4811282826435,0.0,0.0,0.0,6.127919131160545,0.0,0.0,0.0,0.0,0.0,0.0,0.0,0.0,0.0,1.0,1950.316820479941,0.0,0.0,0.0,0.0,0.0,0.0,0.0,0.0,0.0,0.0,0.0,0.0,18,1,7,21.52954398083333,1
86957035,1,0.0,1,496.2688098578836,0.0,0.0,0.0,6.209130744787124,0.0,0.0,0.0,0.0,0.0,0.0,0.0,0.0,0.0,1.0,2472.3490871112663,0.0,0.0,0.0,0.0,0.0,0.0,0.0,0.0,0.0,0.0,0.0,0.0,2,1,8,0.0071762169444444,1
87010233,1,0.0,1,344.7709002836781,0.0,0.0,0.0,5.8457764178391605,0.0,0.0,0.0,0.0,0.0,0.0,0.0,0.0,0.0,1.0,8717.567022307314,0.0,0.0,0.0,0.0,0.0,0.0,0.0,0.0,0.0,0.0,0.0,0.0,22,6,8,55.56569673388889,0
87095211,1,0.0,1,1458.7313189062747,0.0,0.0,0.0,7.286007669620738,0.0,0.0,0.0,0.0,0.0,0.0,0.0,0.0,0.0,1.0,580998.2257322555,0.0,0.0,0.0,0.0,0.0,0.0,0.0,0.0,0.0,0.0,0.0,0.0,4,6,7,37.01667004194445,0
90380661,1,0.0,1,68.79647815650425,0.0,0.0,0.0,4.245583552284828,0.0,0.0,0.0,0.0,0.0,0.0,0.0,0.0,0.0,1.0,158184.07338721253,0.0,0.0,0.0,0.0,0.0,0.0,0.0,0.0,0.0,0.0,0.0,0.0,15,2,8,46.53057080222223,0
90654456,1,0.0,1,9082.076150898554,0.0,0.0,0.0,9.114168197359897,0.0,0.0,0.0,0.0,0.0,0.0,0.0,0.0,0.0,1.0,164450.58659653543,0.0,0.0,0.0,0.0,0.0,0.0,0.0,0.0,0.0,0.0,0.0,0.0,5,4,7,56.88385168277778,0
90827686,2,0.9115855988888888,0,0.6962098099483375,0.0,0.0,0.0,0.5283962384143753,0.0,0.0,0.0,0.0,0.0,0.0,0.0,0.0,0.0,1.0,286020.19179294,0.0,0.0,-3.192660183772945e-11,0.0,0.0,0.0,0.0,0.0,-0.9984900514286528,0.9984900514286528,0.0,-0.0,0,1,9,65.67624520972223,0
91055825,1,0.0,1,17.859556249650534,0.0,0.0,0.0,2.9370197482779536,0.0,0.0,0.0,0.0,0.0,0.0,0.0,0.0,0.0,1.0,219317.00145233425,0.0,0.0,0.0,0.0,0.0,0.0,0.0,0.0,0.0,0.0,0.0,0.0,20,6,6,62.9893877175,0
91497993,1,0.0,1,292.81410328948425,0.0,0.0,0.0,5.6829472656151845,0.0,0.0,0.0,0.0,0.0,0.0,0.0,0.0,0.0,1.0,20264.204308018896,0.0,0.0,0.0,0.0,0.0,0.0,0.0,0.0,0.0,0.0,0.0,0.0,20,2,8,61.30669916194445,0
91772155,1,0.0,1,1504.4988161790268,0.0,0.0,0.0,7.31687956159071,0.0,0.0,0.0,0.0,0.0,0.0,0.0,0.0,0.0,1.0,360853.84597632394,0.0,0.0,0.0,0.0,0.0,0.0,0.0,0.0,0.0,0.0,0.0,0.0,23,5,7,66.49997358027778,0
92588540,2,4.111124704444444,0,5.551144615349936,0.0,0.0,0.0,1.879639784815187,0.0,0.0,0.0,0.0,0.0,0.0,0.0,0.0,0.0,1.0,2444.541453275048,0.0,0.0,-1.1061385474268077e-13,0.0,0.0,0.0,0.0,0.0,0.8152123664865029,0.8152123664865029,-0.0,0.0,15,4,8,3.7071967341666663,1
93260759,1,0.0,1,758.9438447850807,0.0,0.0,0.0,6.633244542109808,0.0,0.0,0.0,0.0,0.0,0.0,0.0,0.0,0.0,1.0,15878.561148275448,0.0,0.0,0.0,0.0,0.0,0.0,0.0,0.0,0.0,0.0,0.0,0.0,16,3,8,62.836529059722224,0
93408578,1,0.0,1,866.8005290193886,0.0,0.0,0.0,6.765961882973869,0.0,0.0,0.0,0.0,0.0,0.0,0.0,0.0,0.0,1.0,1148.9406596242654,0.0,0.0,0.0,0.0,0.0,0.0,0.0,0.0,0.0,0.0,0.0,0.0,20,0,5,14.844621146666666,1
94404349,1,0.0,1,44.629165627151046,0.0,0.0,0.0,3.820547109151944,0.0,0.0,0.0,0.0,0.0,0.0,0.0,0.0,0.0,1.0,3328.4943340746945,0.0,0.0,0.0,0.0,0.0,0.0,0.0,0.0,0.0,0.0,0.0,0.0,0,0,9,11.829236373333334,1
94424495,1,0.0,1,6.53604223184575,0.0,0.0,0.0,2.019697141271861,0.0,0.0,0.0,0.0,0.0,0.0,0.0,0.0,0.0,1.0,7509.221711206011,0.0,0.0,0.0,0.0,0.0,0.0,0.0,0.0,0.0,0.0,0.0,0.0,0,1,7,18.70687846777778,0
94488511,5,4.921365766666667,0,2.374140882605933,0.0,0.0,0.0,1.2161407386183565,0.0,0.0,0.0,0.0,0.0,0.0,0.0,0.0,0.0,1.0,209573.7267047848,0.0,0.0,3.123089441295086e-11,0.0,0.0,0.0,-5.2896892572624505e-12,0.0,-0.999989887298066,0.999989887298066,-0.0,-0.0,16,0,9,64.78250935527777,0
95839532,1,0.0,1,42.28722321391423,0.0,0.0,0.0,3.767857515573861,0.0,0.0,0.0,0.0,0.0,0.0,0.0,0.0,0.0,1.0,5639.409208194449,0.0,0.0,0.0,0.0,0.0,0.0,0.0,0.0,0.0,0.0,0.0,0.0,23,1,8,66.09454981166667,0
96270286,1,0.0,1,3403.0218416467815,0.0,0.0,0.0,8.132712906137657,0.0,0.0,0.0,0.0,0.0,0.0,0.0,0.0,0.0,1.0,196116.77867218727,0.0,0.0,0.0,0.0,0.0,0.0,0.0,0.0,0.0,0.0,0.0,0.0,20,1,7,65.01258681861111,0
96372213,1,0.0,1,169.688296994848,0.0,0.0,0.0,5.139839068544725,0.0,0.0,0.0,0.0,0.0,0.0,0.0,0.0,0.0,1.0,325976.71111084486,0.0,0.0,0.0,0.0,0.0,0.0,0.0,0.0,0.0,0.0,0.0,0.0,21,0,6,43.10983019555556,0
97075632,1,0.0,1,51.295195025087125,0.0,0.0,0.0,3.956904493524971,0.0,0.0,0.0,0.0,0.0,0.0,0.0,0.0,0.0,1.0,280232.1928583552,0.0,0.0,0.0,0.0,0.0,0.0,0.0,0.0,0.0,0.0,0.0,0.0,17,6,6,66.34062444416666,0
97362560,2,1.12710234,0,1.1769906311993454,0.0,0.0,0.0,0.777943478705872,0.0,0.0,0.0,0.0,0.0,0.0,0.0,0.0,0.0,1.0,4544.949069170433,0.0,0.0,-1.2103976757420204e-12,0.0,0.0,0.0,0.0,0.0,-0.2777794324231595,0.2777794324231595,-0.0,-0.0,18,1,7,5.694898473888888,1
97805715,2,3.710652745,0,71.94693013425122,0.0,0.0,0.0,4.289732192304733,0.0,0.0,0.0,0.0,0.0,0.0,0.0,0.0,0.0,1.0,6031.675382532274,0.0,0.0,0.0,0.0,0.0,0.0,0.0,0.0,0.6946087740293779,0.6946087740293779,0.0,0.0,18,1,9,44.011253098055555,0
99071478,1,0.0,1,20.223659213533207,0.0,0.0,0.0,3.055116560050536,0.0,0.0,0.0,0.0,0.0,0.0,0.0,0.0,0.0,1.0,4673.854410705458,0.0,0.0,0.0,0.0,0.0,0.0,0.0,0.0,0.0,0.0,0.0,0.0,15,0,8,22.975783080277775,1
99339733,1,0.0,1,902.2316880438788,0.0,0.0,0.0,6.805979096413859,0.0,0.0,0.0,0.0,0.0,0.0,0.0,0.0,0.0,1.0,319890.1355555725,0.0,0.0,0.0,0.0,0.0,0.0,0.0,0.0,0.0,0.0,0.0,0.0,21,1,7,0.6173444741666666,0
